booni101,Boone,Ike,L,R,BOS,X
clard101,Clark,Danny,L,R,BOS,X
colls101,Collins,Shano,R,R,BOS,X
connj101,Connolly,Joe,R,R,BOS,X
ehmkh101,Ehmke,Howard,R,R,BOS,X
ezzeh101,Ezzell,Homer,R,R,BOS,X
ferga101,Ferguson,Alex,R,R,BOS,X
flagi101,Flagstead,Ira,R,R,BOS,X
fuhro102,Fuhr,Oscar,L,L,BOS,X
fullc102,Fullerton,Curt,L,R,BOS,X
geygc101,Geygan,Chappie,R,R,BOS,X
harrj103,Harris,Joe,R,R,BOS,X
hevij102,Heving,Johnny,R,R,BOS,X
howel101,Howe,Les,R,R,BOS,X
jamel101,Jamerson,Lefty,L,L,BOS,X
kella101,Kellett,Al,R,R,BOS,X
lee-d101,Lee,Dud,L,R,BOS,X
murrg101,Murray,George,R,R,BOS,X
oneis101,O'Neill,Steve,R,R,BOS,X
piciv101,Picinich,Val,R,R,BOS,X
pierb103,Piercy,Bill,R,R,BOS,X
quinj102,Quinn,Jack,R,R,BOS,X
rossb103,Ross,Buster,L,L,BOS,X
ruffr101,Ruffing,Red,R,R,BOS,X
shanh101,Shanks,Howie,R,R,BOS,X
todtp101,Todt,Phil,L,L,BOS,X
veacb101,Veach,Bobby,L,R,BOS,X
wambb101,Wambsganss,Bill,R,R,BOS,X
willd105,Williams,Denny,L,R,BOS,X
wingt101,Wingfield,Ted,R,R,BOS,X
wintc101,Winters,Clarence,?,?,BOS,X
woodj102,Woods,John,R,R,BOS,X
workh102,Workman,Hoge,R,R,BOS,X
