bondt101,Bond,Tommy,R,R,BR2,X
boote101,Booth,Eddie,?,?,BR2,X
chapj102,Chapman,Jack,?,R,BR2,X
clacb101,Clack,Bobby,R,R,BR2,X
clinj101,Clinton,Jim,R,R,BR2,X
dehlh101,Dehlman,Herman,?,?,BR2,X
farrj107,Farrow,John,L,R,BR2,X
fergb101,Ferguson,Bob,B,R,BR2,X
fleef101,Fleet,Frank,?,?,BR2,X
hallj103,Hall,Jim,?,?,BR2,X
hodec101,Hodes,Charlie,?,R,BR2,X
kessh101,Kessler,Henry,R,R,BR2,X
knowj102,Knowdell,Jake,?,?,BR2,X
ledwm101,Ledwith,Mike,?,?,BR2,X
marta102,Martin,Al,?,?,BR2,X
mcgep102,McGee,Pat,?,?,BR2,X
peard102,Pearce,Dickey,R,R,BR2,X
snowc101,Snow,Charlie,?,?,BR2,X
sweac101,Sweasy,Charlie,R,R,BR2,X
westb101,West,Billy,?,?,BR2,X
