ballw101,Ballou,Win,R,L,BRO,X
bancd101,Bancroft,Dave,B,R,BRO,X
bissd101,Bissonette,Del,L,L,BRO,X
bletc101,Blethen,Clarence,L,R,BRO,X
bradj101,Bradshaw,Joe,R,R,BRO,X
bresr101,Bressler,Rube,R,L,BRO,X
carem101,Carey,Max,B,R,BRO,X
clarw101,Clark,Watty,L,L,BRO,X
culln102,Cullop,Nick,R,R,BRO,X
debeh101,DeBerry,Hank,R,R,BRO,X
dudlc101,Dudley,Clise,L,R,BRO,X
ellij103,Elliott,Jumbo,R,L,BRO,X
ferga101,Ferguson,Alex,R,R,BRO,X
flowj101,Flowers,Jake,R,R,BRO,X
fredj101,Frederick,Johnny,L,L,BRO,X
gilbw101,Gilbert,Wally,R,R,BRO,X
goocj101,Gooch,Johnny,B,R,BRO,X
greek101,Greenfield,Kent,R,R,BRO,X
hendh101,Hendrick,Harvey,L,R,BRO,X
henlb101,Henline,Butch,R,R,BRO,X
hermb102,Herman,Babe,L,L,BRO,X
koupl101,Koupal,Lou,R,R,BRO,X
mcwed101,McWeeny,Doug,R,R,BRO,X
moore102,Moore,Eddie,R,R,BRO,X
moorc101,Moore,Cy,R,R,BRO,X
morrj105,Morrison,Johnny,R,R,BRO,X
mossr101,Moss,Ray,R,R,BRO,X
newsb101,Newsom,Bobo,R,R,BRO,X
pattj101,Pattison,Jimmy,L,L,BRO,X
piciv101,Picinich,Val,R,R,BRO,X
rhieb101,Rhiel,Billy,R,R,BRO,X
roy-l101,Roy,Luther,R,R,BRO,X
vancd101,Vance,Dazzy,R,R,BRO,X
warnj101,Warner,Jack,R,R,BRO,X
westm101,West,Max,R,R,BRO,X
wrigg102,Wright,Glenn,R,R,BRO,X
