branm102,Brannock,Mike,?,?,CH1,X
duffe101,Duffy,Ed,?,R,CH1,X
folet101,Foley,Tom,?,?,CH1,X
hodec101,Hodes,Charlie,?,R,CH1,X
kingm101,King,Marshall,?,R,CH1,X
mcatb101,McAtee,Bub,?,R,CH1,X
pinke101,Pinkham,Ed,L,L,CH1,X
simmj101,Simmons,Joe,?,?,CH1,X
treaf101,Treacey,Fred,?,R,CH1,X
woodj106,Wood,Jimmy,?,R,CH1,X
zettg101,Zettlein,George,R,R,CH1,X
