colld102,Collins,Dan,?,?,CH2,X
connt103,Connell,Terry,?,?,CH2,X
cuthn101,Cuthbert,Ned,R,R,CH2,X
devlj103,Devlin,Jim,R,R,CH2,X
forcd101,Force,Davy,R,R,CH2,X
gilru101,Gilroy,,?,?,CH2,X
glenj102,Glenn,John,R,R,CH2,X
hinep101,Hines,Paul,R,R,CH2,X
malof101,Malone,Fergy,R,L,CH2,X
meyel102,Meyerle,Levi,R,R,CH2,X
petej103,Peters,John,R,R,CH2,X
treaf101,Treacey,Fred,?,R,CH2,X
zettg101,Zettlein,George,R,R,CH2,X
