bakej101,Baker,Jesse,L,L,CHA,X
barrc102,Barrows,Cuke,R,L,CHA,X
benzj101,Benz,Joe,R,R,CHA,X
bergm101,Berghammer,Marty,L,R,CHA,X
blocb101,Block,Bruno,R,R,CHA,X
bodip101,Bodie,Ping,R,R,CHA,X
calln101,Callahan,Jimmy,R,R,CHA,X
chouf101,Chouinard,Felix,R,R,CHA,X
colls101,Collins,Shano,R,R,CHA,X
corhr101,Corhan,Roy,R,R,CHA,X
dougp102,Dougherty,Patsy,L,R,CHA,X
hovlj101,Hovlik,Joe,R,R,CHA,X
johnj107,Johnston,Jimmy,R,R,CHA,X
jonet102,Jones,Tex,R,R,CHA,X
kreir101,Kreitz,Ralph,R,R,CHA,X
langf101,Lange,Frank,R,R,CHA,X
lordh101,Lord,Harry,L,R,CHA,X
mayew101,Mayer,Wally,R,R,CHA,X
mccoa101,McConnell,Amby,L,R,CHA,X
mcinm101,McIntyre,Matty,L,L,CHA,X
melop101,Meloan,Paul,L,R,CHA,X
messb101,Messenger,Bobby,B,R,CHA,X
mogrg101,Mogridge,George,L,L,CHA,X
mullc101,Mullen,Charlie,R,R,CHA,X
olmsf101,Olmstead,Fred,R,R,CHA,X
paref101,Parent,Freddy,R,R,CHA,X
paynf101,Payne,Fred,R,R,CHA,X
scotj104,Scott,Jim,R,R,CHA,X
sullb102,Sullivan,Billy,R,R,CHA,X
tannl101,Tannehill,Lee,R,R,CHA,X
walse101,Walsh,Ed,R,R,CHA,X
whitd104,White,Doc,L,L,CHA,X
youni101,Young,Irv,L,L,CHA,X
zeidr101,Zeider,Rollie,R,R,CHA,X

