adkig101,Adkins,Grady,R,R,CHA,X
barnc101,Barnabe,Charlie,L,L,CHA,X
barrb105,Barrett,Bill,R,R,CHA,X
bergm103,Berg,Moe,R,R,CHA,X
blacg101,Blackerby,George,R,R,CHA,X
blant101,Blankenship,Ted,R,R,CHA,X
cissb101,Cissell,Bill,R,R,CHA,X
clanb101,Clancy,Bud,L,L,CHA,X
conns101,Connally,Sarge,R,R,CHA,X
cox-g102,Cox,George,R,R,CHA,X
croub101,Crouse,Buck,L,R,CHA,X
dugad101,Dugan,Dan,L,L,CHA,X
faber101,Faber,Red,B,R,CHA,X
falkb101,Falk,Bibb,L,L,CHA,X
goodj101,Goodell,John,R,L,CHA,X
hunnb101,Hunnefield,Bill,B,R,CHA,X
kammw101,Kamm,Willie,R,R,CHA,X
leopr101,Leopold,Rudy,L,L,CHA,X
lyont102,Lyons,Ted,B,R,CHA,X
mannj104,Mann,Johnny,R,R,CHA,X
mccuh101,McCurdy,Harry,L,R,CHA,X
metza101,Metzler,Alex,L,R,CHA,X
moorr103,Moore,Randy,L,R,CHA,X
mostj101,Mostil,Johnny,R,R,CHA,X
redfb101,Redfern,Buck,R,R,CHA,X
reync102,Reynolds,Carl,R,R,CHA,X
schar103,Schalk,Ray,R,R,CHA,X
shira101,Shires,Art,L,R,CHA,X
swank101,Swanson,Karl,L,R,CHA,X
thomt103,Thomas,Tommy,R,R,CHA,X
walse102,Walsh,Ed,R,R,CHA,X
weilb101,Weiland,Bob,L,L,CHA,X
willa102,Williamson,Al,R,R,CHA,X
wilsr101,Wilson,Roy,L,L,CHA,X
