alexg102,Alexander,Pete,R,R,CHN,X
bails101,Bailey,Sweetbread,R,R,CHN,X
barbt101,Barber,Turner,L,R,CHN,X
cartp101,Carter,Paul,L,R,CHN,X
cheev101,Cheeves,Virgil,R,R,CHN,X
clars102,Clarke,Sumpter,R,R,CHN,X
dalyt102,Daly,Tom,R,R,CHN,X
dealc102,Deal,Charlie,R,R,CHN,X
flacm101,Flack,Max,L,L,CHN,X
fribb101,Friberg,Bernie,R,R,CHN,X
gaw-c101,Gaw,Chippy,R,R,CHN,X
hendc101,Hendrix,Claude,R,R,CHN,X
herzb101,Herzog,Buck,R,R,CHN,X
hollc101,Hollocher,Charlie,L,R,CHN,X
jaegj101,Jaeger,Joe,R,R,CHN,X
jonep101,Jones,Percy,R,L,CHN,X
killb101,Killefer,Bill,R,R,CHN,X
leath101,Leathers,Hal,L,R,CHN,X
marrw101,Marriott,William,L,R,CHN,X
marts102,Martin,Speed,R,R,CHN,X
mccab101,McCabe,Bill,B,R,CHN,X
merkf101,Merkle,Fred,R,R,CHN,X
newkj101,Newkirk,Joel,R,R,CHN,X
ofarb101,O'Farrell,Bob,R,R,CHN,X
paskd101,Paskert,Dode,R,R,CHN,X
robed103,Robertson,Dave,L,L,CHN,X
terrz101,Terry,Zeb,R,R,CHN,X
turnt104,Turner,Ted,R,R,CHN,X
twomb101,Twombly,Babe,L,R,CHN,X
tylel101,Tyler,Lefty,L,L,CHN,X
vaugh101,Vaughn,Hippo,B,L,CHN,X
