aldrv101,Aldridge,Vic,R,R,CHN,X
archj102,Archer,Jimmy,R,R,CHN,X
barbt101,Barber,Turner,L,R,CHN,X
blace101,Blackburn,Earl,R,R,CHN,X
cartp101,Carter,Paul,L,R,CHN,X
dealc102,Deal,Charlie,R,R,CHN,X
demaa101,Demaree,Al,L,R,CHN,X
dillp101,Dillhoefer,Pickles,R,R,CHN,X
dougp101,Douglas,Phil,R,R,CHN,X
doyll101,Doyle,Larry,L,R,CHN,X
drisp101,Driscoll,Paddy,R,R,CHN,X
ellir104,Elliott,Rowdy,R,R,CHN,X
flacm101,Flack,Max,L,L,CHN,X
hendc101,Hendrix,Claude,R,R,CHN,X
hunth101,Hunter,Herb,L,R,CHN,X
kildp101,Kilduff,Pete,R,R,CHN,X
leslr101,Leslie,Roy,R,R,CHN,X
mannl101,Mann,Les,R,R,CHN,X
marrw101,Marriott,William,L,R,CHN,X
merkf101,Merkle,Fred,R,R,CHN,X
ofarb101,O'Farrell,Bob,R,R,CHN,X
packg101,Packard,Gene,L,L,CHN,X
pechc101,Pechous,Charlie,R,R,CHN,X
prenm101,Prendergast,Mike,R,R,CHN,X
ruetd101,Ruether,Dutch,L,L,CHN,X
saiev101,Saier,Vic,L,R,CHN,X
schim101,Schick,Morrie,R,R,CHN,X
seatt102,Seaton,Tom,B,R,CHN,X
vaugh101,Vaughn,Hippo,B,L,CHN,X
walkr102,Walker,Roy,R,R,CHN,X
weavh101,Weaver,Harry,R,R,CHN,X
willc103,Williams,Cy,L,L,CHN,X
wilsa102,Wilson,Art,R,R,CHN,X
wolfh101,Wolfe,Harry,R,R,CHN,X
wolth101,Wolter,Harry,L,R,CHN,X
wortc101,Wortman,Chuck,R,R,CHN,X
zeidr101,Zeider,Rollie,R,R,CHN,X
