anglt101,Angley,Tom,L,R,CHN,X
beckc101,Beck,Clyde,R,R,CHN,X
blaif101,Blair,Footsie,L,R,CHN,X
blaks101,Blake,Sheriff,B,R,CHN,X
bushg101,Bush,Guy,R,R,CHN,X
carlh101,Carlson,Hal,R,R,CHN,X
cuylk101,Cuyler,Kiki,R,R,CHN,X
cvenm101,Cvengros,Mike,L,L,CHN,X
englw101,English,Woody,R,R,CHN,X
gonzm101,Gonzalez,Mike,R,R,CHN,X
grace101,Grace,Earl,L,R,CHN,X
gramh101,Grampp,Hank,R,R,CHN,X
grimc101,Grimm,Charlie,L,L,CHN,X
hartg103,Hartnett,Gabby,R,R,CHN,X
heatc101,Heathcote,Cliff,L,L,CHN,X
hornt101,Horne,Trader,B,R,CHN,X
hornr101,Hornsby,Rogers,R,R,CHN,X
jonnc101,Jonnard,Claude,R,R,CHN,X
malop103,Malone,Pat,L,R,CHN,X
mcmin101,McMillan,Norm,R,R,CHN,X
moorj104,Moore,Johnny,L,R,CHN,X
nehfa101,Nehf,Art,L,L,CHN,X
osbob102,Osborn,Bob,R,R,CHN,X
pennk102,Penner,Ken,L,R,CHN,X
rootc101,Root,Charlie,R,R,CHN,X
schuj106,Schulte,Johnny,L,R,CHN,X
stepr101,Stephenson,Riggs,R,R,CHN,X
tayld101,Taylor,Danny,R,R,CHN,X
taylz101,Taylor,Zack,R,R,CHN,X
tolsc101,Tolson,Chick,R,R,CHN,X
wilsh102,Wilson,Hack,R,R,CHN,X
