billj102,Billings,Josh,R,R,DET,X
carro101,Carroll,Ownie,R,R,DET,X
eastp101,Easterling,Paul,R,R,DET,X
fothb101,Fothergill,Bob,R,R,DET,X
gallc101,Galloway,Chick,R,R,DET,X
gehrc101,Gehringer,Charlie,L,R,DET,X
gibss101,Gibson,Sam,L,R,DET,X
hargp101,Hargrave,Pinky,B,R,DET,X
heilh101,Heilmann,Harry,R,R,DET,X
hollk101,Holloway,Ken,R,R,DET,X
mcmam101,McManus,Marty,R,R,DET,X
neunj101,Neun,Johnny,B,L,DET,X
pagep101,Page,Phil,R,L,DET,X
riceh101,Rice,Harry,L,R,DET,X
sheam102,Shea,Merv,R,R,DET,X
smitg102,Smith,George,R,R,DET,X
sorrv101,Sorrell,Vic,R,R,DET,X
stonj102,Stone,John,L,R,DET,X
stonl101,Stoner,Lil,R,R,DET,X
sullc101,Sullivan,Charlie,L,R,DET,X
sweeb101,Sweeney,Bill,R,R,DET,X
tavej101,Tavener,Jackie,L,R,DET,X
vange101,Vangilder,Elam,R,R,DET,X
warnj101,Warner,Jack,R,R,DET,X
white102,Whitehill,Earl,L,L,DET,X
winga101,Wingo,Al,L,R,DET,X
woodl101,Woodall,Larry,R,R,DET,X
