adamd103,Adams,Dan,R,R,KCF,X
browd101,Brown,Drummond,R,R,KCF,X
chadc101,Chadbourne,Chet,L,R,KCF,X
colec104,Coles,Cad,L,R,KCF,X
culln101,Cullop,Nick,L,L,KCF,X
daric101,Daringer,Cliff,L,R,KCF,X
eastt101,Easterly,Ted,L,R,KCF,X
enzej101,Enzenroth,Jack,R,R,KCF,X
gilmg101,Gilmore,Grover,L,L,KCF,X
goodp101,Goodwin,Pep,L,R,KCF,X
harrb111,Harris,Ben,R,R,KCF,X
hennp101,Henning,Pete,R,R,KCF,X
hogag101,Hogan,George,R,R,KCF,X
johnc102,Johnson,Chief,R,R,KCF,X
kenwd101,Kenworthy,Duke,B,R,KCF,X
kruga101,Kruger,Art,R,R,KCF,X
packg101,Packard,Gene,L,L,KCF,X
perrg102,Perring,George,R,R,KCF,X
pottj101,Potts,John,L,R,KCF,X
rawlj101,Rawlings,Johnny,R,R,KCF,X
stond101,Stone,Dwight,R,R,KCF,X
stovg101,Stovall,George,R,R,KCF,X
swand101,Swan,Harry,R,R,KCF,X
tappw101,Tappan,Walter,R,R,KCF,X

