billh101,Billiard,Harry,R,R,NEW,X
bradh101,Bradley,Hugh,R,R,NEW,X
branc101,Brandom,Chick,R,R,NEW,X
campv101,Campbell,Vin,L,R,NEW,X
esmoj101,Esmond,Jimmy,R,R,NEW,X
falkc101,Falkenberg,Cy,R,R,NEW,X
huhne101,Huhn,Emil,R,R,NEW,X
kaisg101,Kaiserling,George,R,R,NEW,X
lapof101,LaPorte,Frank,R,R,NEW,X
mckeb101,McKechnie,Bill,B,R,NEW,X
millr114,Mills,Rupert,R,R,NEW,X
morah102,Moran,Harry,L,L,NEW,X
mosee101,Moseley,Earl,R,R,NEW,X
mullg102,Mullin,George,R,R,NEW,X
pratl101,Pratt,Larry,R,R,NEW,X
rarib101,Rariden,Bill,R,R,NEW,X
reedt101,Reed,Ted,R,R,NEW,X
reule101,Reulbach,Ed,R,R,NEW,X
rouse101,Roush,Edd,L,L,NEW,X
schag101,Schaefer,Germany,R,R,NEW,X
schea102,Scheer,Al,L,R,NEW,X
seatt102,Seaton,Tom,B,R,NEW,X
stral101,Strands,Larry,R,R,NEW,X
textg101,Textor,George,B,R,NEW,X
trauf101,Trautman,Fred,R,R,NEW,X
warrb101,Warren,Bill,L,R,NEW,X
whitc102,Whitehouse,Charlie,B,L,NEW,X
whitg103,Whitehouse,Gil,B,R,NEW,X

