allid101,Allison,Doug,R,R,NY2,X
burdj101,Burdock,Jack,R,R,NY2,X
caret101,Carey,Tom,R,R,NY2,X
geerb101,Geer,Billy,?,R,NY2,X
hatfj101,Hatfield,John,?,?,NY2,X
highd101,Higham,Dick,L,R,NY2,X
mathb101,Mathews,Bobby,R,R,NY2,X
nelsc101,Nelson,Candy,L,R,NY2,X
pattd103,Patterson,Dan,?,L,NY2,X
pheln101,Phelps,Nealy,?,?,NY2,X
remsj101,Remsen,Jack,R,R,NY2,X
shafo101,Shafer,Orator,L,R,NY2,X
starj101,Start,Joe,L,L,NY2,X
