bigbl101,Bigbee,Lyle,L,R,PHA,X
burng102,Burns,George,R,R,PHA,X
burrd101,Burrus,Dick,L,L,PHA,X
dugaj101,Dugan,Joe,R,R,PHA,X
dykej101,Dykes,Jimmy,R,R,PHA,X
eckec101,Eckert,Charlie,R,R,PHA,X
gallc101,Galloway,Chick,R,R,PHA,X
grifi101,Griffin,Ivy,L,R,PHA,X
harrs101,Harriss,Slim,R,R,PHA,X
hastb101,Hasty,Bob,R,R,PHA,X
heimf101,Heimach,Fred,L,L,PHA,X
highc101,High,Charlie,L,R,PHA,X
johnp102,Johnson,Paul,R,R,PHA,X
keart102,Kearns,Teddy,R,R,PHA,X
keefd101,Keefe,Dave,L,R,PHA,X
kellb102,Kelly,Bill,R,R,PHA,X
kinnw101,Kinney,Walt,L,L,PHA,X
knowb101,Knowlton,Bill,R,R,PHA,X
martp102,Martin,Pat,L,L,PHA,X
mccae101,McCann,Emmet,R,R,PHA,X
moorr102,Moore,Roy,B,L,PHA,X
myatg101,Myatt,Glenn,L,R,PHA,X
naylr101,Naylor,Rollie,R,R,PHA,X
perkc101,Perkins,Cy,R,R,PHA,X
perrs101,Perry,Scott,L,R,PHA,X
romme101,Rommel,Eddie,R,R,PHA,X
shanb103,Shanner,Bill,L,R,PHA,X
shanr101,Shannon,Red,B,R,PHA,X
slapj101,Slappey,John,L,L,PHA,X
strua102,Strunk,Amos,L,L,PHA,X
styll101,Styles,Lena,R,R,PHA,X
thomf102,Thomas,Fred,R,R,PHA,X
walkf102,Walker,Frank,R,R,PHA,X
walkj103,Walker,Johnny,R,R,PHA,X
walkt101,Walker,Tillie,R,R,PHA,X
welcf101,Welch,Frank,R,R,PHA,X
winge101,Wingo,Ed,R,R,PHA,X
wittw101,Witt,Whitey,L,R,PHA,X

