attrd101,Attreau,Dick,L,L,PHI,X
baece101,Baecht,Ed,R,R,PHI,X
bentj101,Bentley,Jack,L,L,PHI,X
buskj101,Buskey,Joe,R,R,PHI,X
carlh101,Carlson,Hal,R,R,PHI,X
cotte102,Cotter,Ed,R,R,PHI,X
deanw101,Dean,Wayland,B,R,PHI,X
decaa101,Decatur,Art,R,R,PHI,X
dunhl101,Dunham,Lee,L,L,PHI,X
fribb101,Friberg,Bernie,R,R,PHI,X
grimr103,Grimes,Ray,R,R,PHI,X
harpg101,Harper,George,L,R,PHI,X
henlb101,Henline,Butch,R,R,PHI,X
hubec101,Huber,Clarence,R,R,PHI,X
jonnb101,Jonnard,Bubber,R,R,PHI,X
keatc101,Keating,Chick,R,R,PHI,X
kellm102,Kelly,Mike,R,R,PHI,X
kimmw101,Kimmick,Wally,R,R,PHI,X
knigj103,Knight,Jack,L,R,PHI,X
leacf101,Leach,Freddy,L,R,PHI,X
maune101,Maun,Ernie,L,R,PHI,X
mitcc102,Mitchell,Clarence,L,L,PHI,X
mokaj101,Mokan,Johnny,R,R,PHI,X
nixoa101,Nixon,Al,R,L,PHI,X
pierr101,Pierce,Ray,L,L,PHI,X
rambp101,Rambo,Pete,R,R,PHI,X
riceb101,Rice,Bob,R,R,PHI,X
sandh101,Sand,Heinie,R,R,PHI,X
sothd101,Sothern,Denny,R,R,PHI,X
stutg101,Stutz,George,L,R,PHI,X
tabel101,Taber,Lefty,L,L,PHI,X
ulrid101,Ulrich,Dutch,R,R,PHI,X
wendl101,Wendell,Lew,R,R,PHI,X
willc103,Williams,Cy,L,L,PHI,X
willc102,Willoughby,Claude,R,R,PHI,X
wilsj105,Wilson,Jimmy,R,R,PHI,X
wrigr102,Wrightstone,Russ,L,R,PHI,X
yarnr101,Yarnall,Rusty,R,R,PHI,X
