alexg102,Alexander,Pete,R,R,PHI,X
beckf101,Beck,Fred,L,L,PHI,X
beebf101,Beebe,Fred,R,R,PHI,X
brank101,Bransfield,Kitty,R,R,PHI,X
brena101,Brennan,Ad,L,L,PHI,X
burnb101,Burns,Bill,B,L,PHI,X
chalg101,Chalmers,George,R,R,PHI,X
cottd101,Cotter,Dick,R,R,PHI,X
curtc101,Curtis,Cliff,R,R,PHI,X
dooir101,Dooin,Red,R,R,PHI,X
doolm101,Doolin,Mickey,R,R,PHI,X
ewinb102,Ewing,Bob,R,R,PHI,X
hallb108,Hall,Bert,R,R,PHI,X
humpb101,Humphries,Bert,R,R,PHI,X
killb101,Killefer,Bill,R,R,PHI,X
kleir101,Kleinow,Red,R,R,PHI,X
knabo101,Knabe,Otto,R,R,PHI,X
lehrc101,Lehr,Clarence,R,R,PHI,X
lobeh101,Lobert,Hans,R,R,PHI,X
ludef101,Luderus,Fred,L,R,PHI,X
maddb101,Madden,Bunny,R,R,PHI,X
mages101,Magee,Sherry,R,R,PHI,X
mayep101,Mayes,Paddy,L,R,PHI,X
millh102,Miller,Hughie,R,R,PHI,X
moore103,Moore,Earl,R,R,PHI,X
morap101,Moran,Pat,R,R,PHI,X
paskd101,Paskert,Dode,R,R,PHI,X
puckt101,Puckett,Troy,L,R,PHI,X
quinj104,Quinn,John,R,R,PHI,X
rowaj101,Rowan,Jack,R,R,PHI,X
shult101,Shultz,Toots,R,R,PHI,X
smitj108,Smith,Jake,B,L,PHI,X
spent101,Spencer,Tubby,R,R,PHI,X
stace101,Stack,Eddie,R,R,PHI,X
stanb102,Stanley,Buck,L,L,PHI,X
thomr101,Thomas,Roy,L,L,PHI,X
tituj101,Titus,John,L,L,PHI,X
walsj101,Walsh,Jimmy,R,R,PHI,X
welch102,Welchonce,Harry,L,R,PHI,X

