adamb106,Adams,Bert,B,R,PHI,X
alexg102,Alexander,Pete,R,R,PHI,X
bancd101,Bancroft,Dave,B,R,PHI,X
bendc101,Bender,Chief,R,R,PHI,X
burne101,Burns,Ed,R,R,PHI,X
byrnb101,Byrne,Bobby,R,R,PHI,X
coopc101,Cooper,Claude,L,L,PHI,X
cravg101,Cravath,Gavvy,R,R,PHI,X
dugeo101,Dugey,Oscar,R,R,PHI,X
everj102,Evers,Johnny,L,R,PHI,X
fittp101,Fittery,Paul,B,L,PHI,X
killb101,Killefer,Bill,R,R,PHI,X
lavej101,Lavender,Jimmy,R,R,PHI,X
ludef101,Luderus,Fred,L,R,PHI,X
mayee101,Mayer,Erskine,R,R,PHI,X
mcgap101,McGaffigan,Patsy,R,R,PHI,X
niehb101,Niehoff,Bert,R,R,PHI,X
oescj101,Oeschger,Joe,R,R,PHI,X
paskd101,Paskert,Dode,R,R,PHI,X
pearh101,Pearce,Harry,R,R,PHI,X
rixee101,Rixey,Eppa,R,L,PHI,X
schuf103,Schulte,Frank,L,R,PHI,X
stocm101,Stock,Milt,R,R,PHI,X
whitp102,Whitted,Possum,R,R,PHI,X

