bengr101,Benge,Ray,R,R,PHI,X
collp102,Collins,Phil,R,R,PHI,X
dails101,Dailey,Sam,L,R,PHI,X
davis101,Davis,Spud,R,R,PHI,X
ellih102,Elliott,Hal,R,R,PHI,X
ferga101,Ferguson,Alex,R,R,PHI,X
fribb101,Friberg,Bernie,R,R,PHI,X
greej103,Greene,June,L,R,PHI,X
hollj101,Holloway,Jim,R,R,PHI,X
hursd101,Hurst,Don,L,L,PHI,X
kleic101,Klein,Chuck,L,R,PHI,X
koupl101,Koupal,Lou,R,R,PHI,X
leriw101,Lerian,Walt,R,R,PHI,X
lyont103,Lyons,Terry,R,R,PHI,X
mcgrb101,McGraw,Bob,R,R,PHI,X
mille101,Miller,Elmer,L,L,PHI,X
millj110,Milligan,John,R,L,PHI,X
odoul101,O'Doul,Lefty,L,L,PHI,X
orouj101,O'Rourke,Joe,L,R,PHI,X
peelh101,Peel,Homer,R,R,PHI,X
roy-l101,Roy,Luther,R,R,PHI,X
sigmt101,Sigman,Tripp,L,R,PHI,X
smyth101,Smythe,Harry,L,L,PHI,X
sothd101,Sothern,Denny,R,R,PHI,X
suscg102,Susce,George,R,R,PHI,X
sweel101,Sweetland,Les,B,L,PHI,X
thevt101,Thevenow,Tommy,R,R,PHI,X
thomf106,Thompson,Fresco,R,R,PHI,X
whitp103,Whitney,Pinky,R,R,PHI,X
willc103,Williams,Cy,L,L,PHI,X
willc102,Willoughby,Claude,R,R,PHI,X
