agnes101,Agnew,Sam,R,R,SLA,X
alexw101,Alexander,Walt,R,R,SLA,X
austj101,Austin,Jimmy,B,R,SLA,X
baumg101,Baumgardner,George,L,R,SLA,X
burkc101,Burkam,Chauncey,L,R,SLA,X
cookr102,Cook,Rollin,R,R,SLA,X
dalrb101,Dalrymple,Bill,?,R,SLA,X
dee-s101,Dee,Shorty,R,R,SLA,X
eastc101,East,Carl,L,R,SLA,X
hamie101,Hamilton,Earl,L,L,SLA,X
hochh101,Hoch,Harry,R,R,SLA,X
hoffr102,Hoff,Red,L,L,SLA,X
howai101,Howard,Ivan,B,R,SLA,X
jacow101,Jacobson,Baby Doll,R,R,SLA,X
jameb103,James,Bill,B,R,SLA,X
kaufd101,Kauffman,Dick,B,R,SLA,X
koobe101,Koob,Ernie,L,L,SLA,X
lavad101,Lavan,Doc,R,R,SLA,X
learj101,Leary,John,R,R,SLA,X
lee-b102,Lee,Billy,R,R,SLA,X
levew101,Leverenz,Walt,L,L,SLA,X
lowdg101,Lowdermilk,Grover,R,R,SLA,X
mccat104,McCabe,Tim,R,R,SLA,X
mckar101,McKay,Reeve,?,R,SLA,X
obrig101,O'Brien,George,R,R,SLA,X
parkj102,Park,Jim,R,R,SLA,X
parkp101,Parker,Pat,R,R,SLA,X
perrp102,Perryman,Parson,R,R,SLA,X
perrs101,Perry,Scott,L,R,SLA,X
philt102,Phillips,Tom,R,R,SLA,X
pratd101,Pratt,Del,R,R,SLA,X
remna101,Remneas,Alex,R,R,SLA,X
ruelm101,Ruel,Muddy,R,R,SLA,X
schmr101,Schmandt,Ray,R,R,SLA,X
seveh101,Severeid,Hank,R,R,SLA,X
shotb101,Shotton,Burt,L,R,SLA,X
simsp101,Sims,Pete,R,R,SLA,X
sislg101,Sisler,George,L,L,SLA,X
sotha101,Sothoron,Allen,B,R,SLA,X
tillj101,Tillman,Johnny,B,R,SLA,X
walke101,Walker,Ernie,L,R,SLA,X
walkt101,Walker,Tillie,R,R,SLA,X
wallb101,Wallace,Bobby,R,R,SLA,X
walsd101,Walsh,Dee,B,R,SLA,X
weilc101,Weilman,Carl,L,L,SLA,X
willg103,Williams,Gus,L,L,SLA,X

