dahld001,Dahl,David,L,R
grany001,Grandal,Yasmani,B,R
contw001,Contreras,Willson,R,R
arenn001,Arenado,Nolan,R,R
alcas001,Alcantara,Sandy,R,R
realj001,Realmuto,J. T.,R,R
mcnej002,McNeil,Jeff,L,R
yelic001,Yelich,Christian,L,R
buehw001,Buehler,Walker,R,R
baezj001,Baez,Javier,R,R
rivef001,Vazquez,Felipe,L,L
muncm001,Muncy,Max,L,R
martk001,Marte,Ketel,B,R
stort001,Story,Trevor,R,R
bellj005,Bell,Josh,B,R
freef001,Freeman,Freddie,L,R
bryak001,Bryant,Kris,R,R
grays001,Gray,Sonny,R,R
blacc001,Blackmon,Charlie,L,L
dejop001,DeJong,Paul,R,R
ryu-h001,Ryu,Hyun-Jin,R,L
sorom001,Soroka,Mike,R,R
alonp001,Alonso,Pete,R,R
acunr001,Acuna,Ronald,R,R
castl003,Castillo,Luis,R,R
mousm001,Moustakas,Mike,L,R
degrj001,deGrom,Jacob,L,R
bellc002,Bellinger,Cody,L,L
kersc001,Kershaw,Clayton,L,L
smitw002,Smith,Will,R,L
woodb005,Woodruff,Brandon,L,R
yatek001,Yates,Kirby,L,R
